{"cameraMode":{"drawMode":0,"name":"Shaded","section":"Shading Mode"},"sceneLighting":false,"audioPlay":false,"sceneViewState":{"showFog":true,"showMaterialUpdate":false,"showSkybox":false,"showFlares":true,"showImageEffects":true,"showParticleSystems":true},"in2DMode":false,"pivot":{"x":-0.8994652628898621,"y":-0.33353400230407717,"z":1.368998408317566},"rotation":{"x":0.049119312316179278,"y":0.8500202894210815,"z":-0.08056680858135224,"w":0.5182322859764099},"size":6.4660563468933109,"orthographic":false}