{"cameraMode":{"drawMode":0,"name":"Shaded","section":"Shading Mode"},"sceneLighting":true,"audioPlay":false,"sceneViewState":{"showFog":true,"showMaterialUpdate":false,"showSkybox":true,"showFlares":true,"showImageEffects":true,"showParticleSystems":true},"in2DMode":false,"pivot":{"x":-0.3716745376586914,"y":1.3280584812164307,"z":-5.859531879425049},"rotation":{"x":0.06397997587919235,"y":-0.9355530738830566,"z":0.2604334056377411,"w":0.22983622550964356},"size":1.985612154006958,"orthographic":false}